X,Y,id,Typ,VG,icon_url
12.2755139590789,63.5750596768873,"1",STB,"50",./0.png
12.2760736055965,63.575145789764,"2",DKB,"20",
12.2759104158464,63.5747496051989,"3",SRB,"39",./1.png
12.2754167824,63.5745271742619,"4",VAV,"60",./2.png
12.2758857568098,63.5742890469569,"5",DB,"10",./3.png
12.2762403941237,63.5738869155303,"6",NB,"30",./4.png
